{"cameraMode":{"drawMode":0,"name":"Shaded","section":"Shading Mode"},"sceneLighting":true,"audioPlay":false,"sceneViewState":{"m_AlwaysRefresh":false,"showFog":true,"showSkybox":true,"showFlares":true,"showImageEffects":true,"showParticleSystems":true,"showVisualEffectGraphs":true,"m_FxEnabled":true},"in2DMode":false,"pivot":{"x":0.24843543767929078,"y":-0.9017448425292969,"z":5.145782947540283},"rotation":{"x":-0.2508789002895355,"y":0.04036826267838478,"z":-0.010509862564504147,"w":-0.9671434164047241},"size":8.01888656616211,"orthographic":true}