{"cameraMode":{"drawMode":0,"name":"Shaded","section":"Shading Mode"},"sceneLighting":true,"audioPlay":false,"sceneViewState":{"m_AlwaysRefresh":false,"showFog":true,"showSkybox":true,"showFlares":true,"showImageEffects":true,"showParticleSystems":true,"showVisualEffectGraphs":true,"m_FxEnabled":true},"in2DMode":false,"pivot":{"x":0.6063652038574219,"y":0.44264698028564455,"z":-3.5063905715942385},"rotation":{"x":-0.20922443270683289,"y":0.21764126420021058,"z":-0.04786769673228264,"w":-0.9521565437316895},"size":6.676545143127441,"orthographic":true}