{"cameraMode":{"drawMode":0,"name":"Shaded","section":"Shading Mode"},"sceneLighting":true,"audioPlay":false,"sceneViewState":{"m_AlwaysRefresh":false,"showFog":true,"showSkybox":true,"showFlares":true,"showImageEffects":true,"showParticleSystems":true,"showVisualEffectGraphs":true,"m_FxEnabled":true},"in2DMode":false,"pivot":{"x":-0.24581050872802735,"y":0.25680971145629885,"z":4.22341775894165},"rotation":{"x":-0.20922443270683289,"y":0.21764126420021058,"z":-0.04786769673228264,"w":-0.9521565437316895},"size":8.071592330932618,"orthographic":true}